{
  "IsEncrypted": false,
  "Values": {
    "WEBSITE_SLOT_NAME": "Production",
    "FUNCTIONS_EXTENSION_VERSION": "~2",
    "ScmType": "ExternalGit",
    "WEBSITE_TIME_ZONE": "Central European Standard Time",
    "WEBSITE_AUTH_ENABLED": "False",
    "FUNCTION_APP_EDIT_MODE": "readwrite",
    "APPINSIGHTS_INSTRUMENTATIONKEY": "341983ea-46fb-4342-8d49-aff8dcdf301f",
    "WEBSITE_CONTENTAZUREFILECONNECTIONSTRING": "DefaultEndpointsProtocol=https;AccountName=storagew4eyphbvkfym4;AccountKey=3JM3JfvPG9xMlJTha4Ycb2uJn7uZ2aPSzjHzFXrShQu/n97fG5qCEJPo98cM17lWYL1GuCo3SO0lmKsITr/amA==",
    "WEBSITE_CONTENTSHARE": "w4eyphbvkfym4",
    "FUNCTIONS_WORKER_RUNTIME": "powershell",
    "WEBSITE_SITE_NAME": "w4eyphbvkfym4",
    "AzureWebJobsStorage": "DefaultEndpointsProtocol=https;AccountName=storagew4eyphbvkfym4;AccountKey=3JM3JfvPG9xMlJTha4Ycb2uJn7uZ2aPSzjHzFXrShQu/n97fG5qCEJPo98cM17lWYL1GuCo3SO0lmKsITr/amA=="
  }
}